topRoute,category,title,link
PDF 资源,编程语言书籍,码出高效 Java 开发手册终极版（v1.3.0）,https://pan.baidu.com/s/1_GVO3aAj1BoBRWI3wY-d3g?pwd=15hz
PDF 资源,编程语言书籍,数据结构与算法综合实践,https://pan.baidu.com/s/1teEiEUqs96JXiUcf24NoeA?pwd=15hz
PDF 资源,编程语言书籍,C++ Primer 第 5 版（中文版）,https://pan.baidu.com/s/1LtLYsIsWe_x1h7vWcLAh2Q?pwd=15hz
PDF 资源,编程语言书籍,Go 程序设计语言,https://pan.baidu.com/s/1AtVF-lrXvoPSHpDSF2XSYg?pwd=15hz
PDF 资源,武理课程报告:大四下:毕业设计,撰写规范、修改说明、题目变更,https://pan.baidu.com/s/1BWeQhcAIczIqEjcpH49ePg?pwd=oskb
PDF 资源,武理课程报告:大四下:毕业设计,答辩 PPT,https://pan.baidu.com/s/1XoPfpPkN0LOz7dh0a-uhAA?pwd=oid3
PDF 资源,武理课程报告:大四下:毕业设计,论文终稿,https://pan.baidu.com/s/1sT5lAwAhK6EEBxEWk4PqKw?pwd=kp18
PDF 资源,武理课程报告:大四下:毕业设计,文献摘要,https://pan.baidu.com/s/1XyGgBUFY1Vvr7a3cuBvIFg?pwd=lfh4
PDF 资源,武理课程报告:大四下:毕业设计,周记,https://pan.baidu.com/s/1T-FuA3af8iWucC64uFxwHA?pwd=tjbt
PDF 资源,武理课程报告:大四下:毕业设计,外文翻译,https://pan.baidu.com/s/1xPcNCH4VU8rB8NwwxEU47Q?pwd=pvr0
PDF 资源,武理课程报告:大四下:毕业设计,开题报告,https://pan.baidu.com/s/1raKZql-HVwoqC1V6uDZt4w?pwd=mxb6
PDF 资源,武理课程报告:大四上:创新创业指导实践,课程报告,https://pan.baidu.com/s/1yUlTOCGSHxzGa4yDuTAfNg?pwd=rcue
PDF 资源,武理课程报告:大四上:岗位实习,实习报告,https://pan.baidu.com/s/1HxMmaIhwQHzrWqe3OmftHg?pwd=0bpi
PDF 资源,武理课程报告:大三下:软件系统设计与开发实训,两码一查信息管理系统,https://pan.baidu.com/s/1kW-HktXMGyW5zshwjSplzQ?pwd=rzop
PDF 资源,武理课程报告:大三下:软件质量保证与测试,大作业,https://pan.baidu.com/s/1XBQo0z6h-auPyfzRlQ3Msg?pwd=gq56
PDF 资源,武理课程报告:大三下:软件质量保证与测试,黑盒、白盒测试,https://pan.baidu.com/s/16t_JjUzQSi0WQ5rwhNxs6A?pwd=yww0
PDF 资源,武理课程报告:大三下:计算机网络综合实验,计算机网络综合配置,https://pan.baidu.com/s/1p1W6ZL7J3QD6HaMj43mDpA?pwd=ew1r
PDF 资源,武理课程报告:大三下:Web 技术,基于SSM 的 web 系统设计,https://pan.baidu.com/s/1bV0tV8lmyTwxNn0FUpn69A?pwd=hy5a
PDF 资源,武理课程报告:大三下:Web 技术,基于 Spring+Spring MVC 的 web 系统,https://pan.baidu.com/s/1aYPRGLNwoylAMCfMtLApxw?pwd=0701
PDF 资源,武理课程报告:大三下:Web 技术,HTML 静态网页设计,https://pan.baidu.com/s/1dWMFiRXVEGLZzJEClbnrXQ?pwd=ssm2
PDF 资源,武理课程报告:大三下:Web 技术,用户信息管理系统,https://pan.baidu.com/s/1ebMeCvQLVS2GtuNHguP3jA?pwd=xaz4
PDF 资源,武理课程报告:大三下:Python 语言程序设计,课程选课系统,https://pan.baidu.com/s/1DgH8TmPQ_tBdchaSnO4UQQ?pwd=1ym7
PDF 资源,武理课程报告:大三下:软件构件与中间件,用户登录认证系统,https://pan.baidu.com/s/1999lGzvlmVJfCe97rA5sAA?pwd=3qw4
PDF 资源,武理课程报告:大三下:软件构件与中间件,图书录入系统,https://pan.baidu.com/s/1r4xucJc4I0BD4IPHPICunw?pwd=q6er
PDF 资源,武理课程报告:大三上:数据库系统综合实验,CRUD、视图、索引、参照完整性,https://pan.baidu.com/s/1QOGIeK08EaH2KdPefFLq3g?pwd=5mp2
PDF 资源,武理课程报告:大三上:数据库系统综合实验,存储过程、触发器、权限、事务,https://pan.baidu.com/s/1o3d6q4IFcSRlZGm262n8Zw?pwd=5ipn
PDF 资源,武理课程报告:大三上:软件设计与体系结构,图书管理系统架构设计,https://pan.baidu.com/s/165V7GwtflzP10vsV6Mkq2g?pwd=300p
PDF 资源,武理课程报告:大三上:编译原理,基于 DFA 的单词识别,https://pan.baidu.com/s/1t755uczND9Y0jpDGBc7avw?pwd=m8ft
PDF 资源,武理课程报告:大三上:软件企业认知实习,实习报告,https://pan.baidu.com/s/1NIXh5KSiLBIFPWaQg8Q9IQ?pwd=9h0c
PDF 资源,武理课程报告:大二下:数据结构与算法综合实验,二叉树与哈夫曼图片压缩,https://pan.baidu.com/s/1ikUPUBpG8vj37pMoQLUzEg?pwd=s9vo
PDF 资源,武理课程报告:大二下:数据结构与算法综合实验,图与景区信息管理系统,https://pan.baidu.com/s/1ANqrOthOoHbh3dgiy7X-8A?pwd=gc3s
PDF 资源,武理课程报告:大二下:数据结构与算法综合实验,欢乐连连看,https://pan.baidu.com/s/1Uk2gj1gugnJ-choNpy6Zlg?pwd=cdkf
PDF 资源,武理课程报告:大二下:软件工程基础实验,UML 建模工具的安装与使用,https://pan.baidu.com/s/1AF7wOCbME6jv-LkUD2W22w?pwd=f096
PDF 资源,武理课程报告:大二下:软件工程基础实验,代码评审与程序性能优化,https://pan.baidu.com/s/1KFyvXddfryTpOhi6tL0ydg?pwd=9mhz
PDF 资源,武理课程报告:大二下:软件工程基础实验,UML 系统分析与设计,https://pan.baidu.com/s/1JcnYIEBRg4YWlmpv9Qarig?pwd=vn6t
PDF 资源,武理课程报告:大二下:软件工程基础实验,实验报告汇总,https://pan.baidu.com/s/1pTMTa_4wSUEYvtpn4r4oMA?pwd=a392
PDF 资源,武理课程报告:大二下:软件工程基础实验,系统测试,https://pan.baidu.com/s/1KJIpoQbhO4-6y3RY9ebGXw?pwd=s88a
PDF 资源,武理课程报告:大二下:软件工程基础实验,单元测试,https://pan.baidu.com/s/15oGQWr-ByiVmY1pEV5rkuA?pwd=04f8
PDF 资源,武理课程报告:大二下:软件工程基础实验,结对编程,https://pan.baidu.com/s/1gYvj_LpFF0qg8wMQEihSbA?pwd=9u0l
PDF 资源,武理课程报告:大二下:软件工程基础实验,Git 实战,https://pan.baidu.com/s/1wxJVX5lqm_YPmB-ms7CiSQ?pwd=vbi2
PDF 资源,武理课程报告:大二下:计算机数值分析,常微分方程的差分方法,https://pan.baidu.com/s/1N7nnJIG7H24PoUewc6SkTg?pwd=r74x
PDF 资源,武理课程报告:大二下:计算机数值分析,线性方程组的迭代法,https://pan.baidu.com/s/1vFX_Xfk_nH0IRIJd1LbrAg?pwd=frgy
PDF 资源,武理课程报告:大二下:计算机数值分析,方程求根的迭代法,https://pan.baidu.com/s/1ehUfPOx4R0e7NUrXTFtfFg?pwd=n6mp
PDF 资源,武理课程报告:大二下:计算机数值分析,数值积分,https://pan.baidu.com/s/1qf5d3cvbmE5QLjWU8UwYZA?pwd=q7d7
PDF 资源,武理课程报告:大二下:计算机数值分析,插值方法,https://pan.baidu.com/s/1DXsNvY0gN40tHD3122a-BA?pwd=epas
PDF 资源,武理课程报告:大二下:可视化编程,类的设计与对象的使用,https://pan.baidu.com/s/16pT-dWR6KJBkBw5xQPUO2A?pwd=rcns
PDF 资源,武理课程报告:大二下:可视化编程,窗体和控件综合设计,https://pan.baidu.com/s/1imadWcVmqKp9_1cJEpSQ5w?pwd=153p
PDF 资源,武理课程报告:大二下:可视化编程,窗体设计及其应用,https://pan.baidu.com/s/1t1cVtqSJu8c1xjx0d-in5Q?pwd=w29m
PDF 资源,武理课程报告:大二下:专业教育,我的软件工程观,https://pan.baidu.com/s/1kewBqaHx2e9f6sidl1p3wA?pwd=ira9
PDF 资源,武理课程报告:大二下:操作系统,实现读者写者问题,https://pan.baidu.com/s/1QkIpbAbSfMvtSXQV6i_WIA?pwd=45pu
PDF 资源,武理课程报告:大二下:操作系统,Linux 的基本使用,https://pan.baidu.com/s/1ACudC6GBHtNrZwQFfMklDg?pwd=qx3k
PDF 资源,武理课程报告:大二上:面向对象与多线程综合实验,数据挖掘系统,https://pan.baidu.com/s/10W8OqXGwXrREzS6SYr6fvw?pwd=hfg6
PDF 资源,武理课程报告:大二上:Java 语言程序设计,基本语句及容器的使用,https://pan.baidu.com/s/1L1i0cXFaQPDOW0HEnOkUqQ?pwd=z49y
PDF 资源,武理课程报告:大二上:Java 语言程序设计,类的设计与对象的使用,https://pan.baidu.com/s/1DiZUdRjebrlOV3x011Y4FA?pwd=lof1
PDF 资源,武理课程报告:大二上:数据结构,基于二叉树的家谱系统,https://pan.baidu.com/s/1wqurPmrVfsnEys-PjUTHLA?pwd=bgng
PDF 资源,武理课程报告:大二上:数据结构,哈希查找算法设计,https://pan.baidu.com/s/12HobNeKbj0dPa65I-FTyyA?pwd=sjxs
PDF 资源,武理课程报告:大二上:数据结构,学生信息管理系统,https://pan.baidu.com/s/1vWhXH4CqQIcr-F0ldMmfFQ?pwd=ny9r
PDF 资源,武理课程报告:大二上:数据结构,简易计算程序,https://pan.baidu.com/s/1HxUUne1Ae1T6j4h0Q3ctQQ?pwd=blje
PDF 资源,武理课程报告:大二上:数据结构,通信网构建,https://pan.baidu.com/s/16EMKJLBB5MyKy9L_JKWnuQ?pwd=lr68
PDF 资源,武理课程报告:大一下:计算机基础与编程综合实验,计费管理系统,https://pan.baidu.com/s/1KFCn-TrfvTc9aohkOX2hKw?pwd=36sv
PDF 资源,武理课程报告:大一下:面向对象与程序设计,类的设计与对象的使用,https://pan.baidu.com/s/17DttrymkhunMNM-PH27cJw?pwd=0om4
PDF 资源,武理课程报告:大一下:面向对象与程序设计,模板及 IO 管理,https://pan.baidu.com/s/1w3eohbVXI4eIWLWheIM6-Q?pwd=8z5y
PDF 资源,武理课程报告:大一下:面向对象与程序设计,继承性实现,https://pan.baidu.com/s/1AtRq3UZhw7Yd8eHG4otn_A?pwd=sh1q
PDF 资源,武理课程报告:大一下:面向对象与程序设计,双计时器,https://pan.baidu.com/s/1wvDgLsYyePvDbIZSlGuImw?pwd=hsnl